[
  {
    "value": "pizza",
    "synonyms": [
      "pizza"
    ]
  },
  {
    "value": "burger",
    "synonyms": [
      "burger"
    ]
  },
  {
    "value": "zinger burger",
    "synonyms": [
      "zinger burger"
    ]
  },
  {
    "value": "Beef Burger",
    "synonyms": [
      "Beef Burger"
    ]
  },
  {
    "value": "Roll",
    "synonyms": [
      "Beef roll",
      "Chicken roll",
      "roll",
      "Rool",
      "Roll"
    ]
  },
  {
    "value": "karahi",
    "synonyms": [
      "karahi"
    ]
  },
  {
    "value": "Lamica Soda",
    "synonyms": [
      "Lamica Soda"
    ]
  },
  {
    "value": "kabab",
    "synonyms": [
      "kabab"
    ]
  },
  {
    "value": "Chicken menturian",
    "synonyms": [
      "Chicken menturian"
    ]
  }
]