[
  {
    "id": "654b540e-dda6-4083-9ffe-6dbf78f1a27f",
    "data": [
      {
        "text": "My database",
        "userDefined": false
      }
    ],
    "isTemplate": false,
    "count": 0,
    "lang": "en",
    "updated": 0
  },
  {
    "id": "15db7c0e-b3a1-46d0-b86f-ce1b73bbb73b",
    "data": [
      {
        "text": "my sql",
        "userDefined": false
      }
    ],
    "isTemplate": false,
    "count": 0,
    "lang": "en",
    "updated": 0
  },
  {
    "id": "988b0ba3-16cb-4ee8-aa15-8835e414db89",
    "data": [
      {
        "text": "mysql",
        "userDefined": false
      }
    ],
    "isTemplate": false,
    "count": 0,
    "lang": "en",
    "updated": 0
  }
]