[
  {
    "id": "d6ac9d7f-fe98-41c9-bf02-42e0794f1bdc",
    "data": [
      {
        "text": "menus",
        "userDefined": false
      }
    ],
    "isTemplate": false,
    "count": 0,
    "lang": "en",
    "updated": 0
  },
  {
    "id": "0e344d89-eed9-407e-81e8-17f4d7cbd5e2",
    "data": [
      {
        "text": "the menu along with prices of products",
        "userDefined": false
      }
    ],
    "isTemplate": false,
    "count": 0,
    "lang": "en",
    "updated": 0
  },
  {
    "id": "85474770-ced0-45ae-b39f-9986ec244d72",
    "data": [
      {
        "text": "Is anything new on the menu?",
        "userDefined": false
      }
    ],
    "isTemplate": false,
    "count": 0,
    "lang": "en",
    "updated": 0
  },
  {
    "id": "afea976f-359e-4f40-80b6-84970e055afb",
    "data": [
      {
        "text": "Any special on the menu?",
        "userDefined": false
      }
    ],
    "isTemplate": false,
    "count": 0,
    "lang": "en",
    "updated": 0
  },
  {
    "id": "970d359d-11a2-4ff6-96f7-025b462e6eb6",
    "data": [
      {
        "text": "what is in menu",
        "userDefined": false
      }
    ],
    "isTemplate": false,
    "count": 0,
    "lang": "en",
    "updated": 0
  },
  {
    "id": "18117031-10ab-4164-a94c-84245e00be80",
    "data": [
      {
        "text": "menu Please",
        "userDefined": false
      }
    ],
    "isTemplate": false,
    "count": 0,
    "lang": "en",
    "updated": 0
  }
]