[
  {
    "id": "960e2fa4-45d7-4852-bb7c-0b6d4dcf3f40",
    "data": [
      {
        "text": "order is avaialble?",
        "userDefined": false
      }
    ],
    "isTemplate": false,
    "count": 0,
    "lang": "en",
    "updated": 0
  },
  {
    "id": "abf5c45a-d77a-4ddf-a9ee-1c5d8734d4c2",
    "data": [
      {
        "text": "order",
        "userDefined": false
      }
    ],
    "isTemplate": false,
    "count": 0,
    "lang": "en",
    "updated": 0
  },
  {
    "id": "d3b80e65-5102-40b6-961c-05a7ba1510b8",
    "data": [
      {
        "text": "I ",
        "userDefined": false
      },
      {
        "text": "want to order something?",
        "userDefined": true
      }
    ],
    "isTemplate": false,
    "count": 0,
    "lang": "en",
    "updated": 0
  },
  {
    "id": "b78c8832-d252-4236-872d-1a9025aef336",
    "data": [
      {
        "text": "Can I place the order?",
        "userDefined": true
      }
    ],
    "isTemplate": false,
    "count": 0,
    "lang": "en",
    "updated": 0
  }
]