[
  {
    "id": "c782a9dc-d7bc-4c68-9817-26732c597559",
    "data": [
      {
        "text": "Make a reservation",
        "userDefined": false
      }
    ],
    "isTemplate": false,
    "count": 0,
    "lang": "en",
    "updated": 0
  },
  {
    "id": "2ccaae1a-7c5a-4376-a5e5-23eb773371f8",
    "data": [
      {
        "text": "reservation",
        "userDefined": false
      }
    ],
    "isTemplate": false,
    "count": 0,
    "lang": "en",
    "updated": 0
  },
  {
    "id": "8b0ab604-4107-4233-a156-16e0b4f67ee6",
    "data": [
      {
        "text": "I want to book the reservation for ",
        "userDefined": false
      },
      {
        "text": "4",
        "meta": "@sys.number",
        "alias": "guest",
        "userDefined": true
      },
      {
        "text": " People ",
        "userDefined": false
      },
      {
        "text": "today",
        "meta": "@sys.date",
        "alias": "date",
        "userDefined": true
      },
      {
        "text": " at ",
        "userDefined": false
      },
      {
        "text": "10:00",
        "meta": "@sys.time",
        "alias": "time",
        "userDefined": true
      },
      {
        "text": " Pm and my email is ",
        "userDefined": false
      },
      {
        "text": "hammad@gmail.com",
        "meta": "@sys.email",
        "alias": "email",
        "userDefined": true
      },
      {
        "text": " and my phone number is ",
        "userDefined": false
      },
      {
        "text": "03453191638",
        "meta": "@sys.phone-number",
        "alias": "phone-number",
        "userDefined": true
      }
    ],
    "isTemplate": false,
    "count": 0,
    "lang": "en",
    "updated": 0
  },
  {
    "id": "79e86046-0f3f-444f-a48f-61b551207450",
    "data": [
      {
        "text": "My phone number is ",
        "userDefined": false
      },
      {
        "text": "+923453191638",
        "meta": "@sys.phone-number",
        "alias": "phone-number",
        "userDefined": false
      }
    ],
    "isTemplate": false,
    "count": 0,
    "lang": "en",
    "updated": 0
  },
  {
    "id": "74b2478c-72ca-4265-8aa1-f753f5bc373c",
    "data": [
      {
        "text": "can I book a table for ",
        "userDefined": false
      },
      {
        "text": "3 people?",
        "meta": "@sys.number",
        "alias": "guest",
        "userDefined": false
      }
    ],
    "isTemplate": false,
    "count": 0,
    "lang": "en",
    "updated": 0
  },
  {
    "id": "82e538f4-d164-40a8-a554-8595af48ac8f",
    "data": [
      {
        "text": "reservation is available?",
        "userDefined": false
      }
    ],
    "isTemplate": false,
    "count": 0,
    "lang": "en",
    "updated": 0
  },
  {
    "id": "a8c6c397-7bd2-413c-8c8f-bf3381425716",
    "data": [
      {
        "text": "My name is ",
        "userDefined": false
      },
      {
        "text": "Hammad sheik",
        "meta": "@sys.person",
        "alias": "person",
        "userDefined": false
      },
      {
        "text": " I want to make a reservation for ",
        "userDefined": false
      },
      {
        "text": "4",
        "meta": "@sys.number",
        "alias": "guest",
        "userDefined": true
      },
      {
        "text": " people",
        "userDefined": false
      }
    ],
    "isTemplate": false,
    "count": 0,
    "lang": "en",
    "updated": 0
  },
  {
    "id": "738972b8-a66b-4149-bdaf-422c097e434f",
    "data": [
      {
        "text": "Make a reservation ",
        "userDefined": false
      },
      {
        "text": "today",
        "meta": "@sys.date",
        "alias": "date",
        "userDefined": true
      },
      {
        "text": " at ",
        "userDefined": false
      },
      {
        "text": "7:00 pm",
        "meta": "@sys.time",
        "alias": "time",
        "userDefined": true
      }
    ],
    "isTemplate": false,
    "count": 1,
    "lang": "en",
    "updated": 0
  },
  {
    "id": "b485ce8e-b905-440a-b04e-534715c3b9e2",
    "data": [
      {
        "text": "My Gmail account is ",
        "userDefined": false
      },
      {
        "text": "hammad@gmail.com",
        "meta": "@sys.email",
        "alias": "email",
        "userDefined": true
      }
    ],
    "isTemplate": false,
    "count": 0,
    "lang": "en",
    "updated": 0
  },
  {
    "id": "96887735-cdee-4ef5-8ae4-6211559f2678",
    "data": [
      {
        "text": "Make reservation",
        "userDefined": false
      }
    ],
    "isTemplate": false,
    "count": 0,
    "lang": "en",
    "updated": 0
  },
  {
    "id": "c91b6dfc-557e-4837-a8ef-2c74612e75c0",
    "data": [
      {
        "text": "Make a reservation ",
        "userDefined": false
      },
      {
        "text": "tomorrow",
        "meta": "@sys.date",
        "alias": "date",
        "userDefined": true
      },
      {
        "text": "  at ",
        "userDefined": false
      },
      {
        "text": "10 pm",
        "meta": "@sys.time",
        "alias": "time",
        "userDefined": true
      }
    ],
    "isTemplate": false,
    "count": 0,
    "lang": "en",
    "updated": 0
  },
  {
    "id": "b2adfc33-2551-455b-9e14-ebcb56d36d10",
    "data": [
      {
        "text": "Can I book the table?",
        "userDefined": false
      }
    ],
    "isTemplate": false,
    "count": 0,
    "lang": "en",
    "updated": 0
  }
]